INSERT INTO users (user_name, password, enabled)
values ('admin', '$2a$10$bltA1SzOChKZIYJe47s0IuboUDNJLY6KgLj76orBDSsgjUbd3NCla', true),
       ('user', '$2a$10$bltA1SzOChKZIYJe47s0IuboUDNJLY6KgLj76orBDSsgjUbd3NCla', true),
       ('accountant', '$2a$10$bltA1SzOChKZIYJe47s0IuboUDNJLY6KgLj76orBDSsgjUbd3NCla', true),
       ('hr', '$2a$10$bltA1SzOChKZIYJe47s0IuboUDNJLY6KgLj76orBDSsgjUbd3NCla', true),
       ('boss', '$2a$10$bltA1SzOChKZIYJe47s0IuboUDNJLY6KgLj76orBDSsgjUbd3NCla', true)
;

INSERT INTO authorities (id, user_name, authority_role)
values (default, 'admin', 'ADMIN'),
       (default, 'admin', 'EDIT'),
       (default, 'user', 'VIEW'),
       (default, 'accountant', 'VIEW'),
       (default, 'accountant', 'FIN'),
       (default, 'hr', 'EDIT'),
       (default, 'boss', 'EDIT'),
       (default, 'boss', 'FIN')
;

alter table departments drop constraint if exists FK_dep_manager;

INSERT INTO departments (department_id, department_name, manager_id)
values ('AD', 'Руководство', 100),
       ('SA', 'Отдел по управлению продажами', 145),
       ('HR', 'Отдел кадров', 101),
       ('FI', 'Бухгалтерия', 108),
       ('IT', 'Служба информационных технологий', 102),
       ('AN', 'Отдел аналитики', 144),
       ('DO', 'Отдел документации', 180),
       ('QA', 'Отдел тестирования', 120),
       ('DV', 'Отдел разработки', 205),
       ('IM', 'Служба внедрения', 204),
       ('SP', 'Служба сопровождения', 114)
;

INSERT INTO jobs (job_id, job_title, min_salary, max_salary)
values ('AD_PRES', 'President', 20080, 40000),
       ('AD_VP', 'Administration Vice President', 15000, 30000),
       ('AD_ASST', 'Administration Assistant', 3000, 6000),
       ('SA_MAN', 'Sales Manager', 10000, 20080),
       ('SA_REP', 'Sales Representative', 6000, 12008),
       ('FI_MGR', 'Finance Manager', 8200, 16000),
       ('FI_ACCOUNT', 'Accountant', 4200, 9000),
       ('DV_CSA', 'Chief software architect', 8200, 16000),
       ('DV_ENG', 'Software Engeneer', 4200, 9000),
       ('DO_MAN', 'Documentation Manager', 8000, 15000),
       ('DO_CLERK', 'Documentation Clerk', 2500, 5500),
       ('AN_MAN', 'Analytics Manager', 5500, 8500),
       ('AN_CLERK', 'Analytic', 2008, 5000),
       ('SP_MAN', 'Support Manager', 4500, 4500),
       ('SP_CLERK', 'Support Clerk', 2500, 5500),
       ('IT_PROG', 'Programmer', 4000, 10000),
       ('QA_MAN', 'Quality Assurance Manager', 9000, 15000),
       ('QA_ENG', 'Quality Assurance Engeneer', 4000, 9000),
       ('HR_REP', 'Human Resources Representative', 4000, 9000),
       ('IM_ENG', 'Implementation Engeneer', 4500, 10500)
;

INSERT INTO employees(employee_id, first_name, last_name, email, phone_number, hire_date, job_id, salary, manager_id, department_id)
VALUES
    (100, 'Steven', 'King', 'SKING', '+7(915)555-0100', TO_DATE('17-06-2013', 'dd-MM-yyyy'), 'AD_PRES', 24000, NULL, 'AD'),
    (101, 'Neena', 'Yang', 'NYANG', '+7(915)555-0101', TO_DATE('21-09-2015', 'dd-MM-yyyy'), 'AD_VP', 17000, 100, 'AD'),
    (102, 'Lex', 'Garcia', 'LGARCIA', '+7(915)555-0102', TO_DATE('13-01-2011', 'dd-MM-yyyy'), 'AD_VP', 17000, 100, 'AD'),
    (103, 'Alexander', 'James', 'AJAMES', '+7(990)555-0103', TO_DATE('03-01-2016', 'dd-MM-yyyy'), 'IT_PROG', 9000, 102, 'IT'),
    (104, 'Bruce', 'Miller', 'BMILLER', '+7(990)555-0104', TO_DATE('21-05-2017', 'dd-MM-yyyy'), 'IT_PROG', 6000, 103, 'IT'),
    (105, 'David', 'Williams', 'DWILLIAMS', '+7(990)555-0105', TO_DATE('25-06-2015', 'dd-MM-yyyy'), 'IT_PROG', 4800, 103, 'IT'),
    (106, 'Valli', 'Jackson', 'VJACKSON', '+7(990)555-0106', TO_DATE('05-02-2016', 'dd-MM-yyyy'), 'IT_PROG', 4800, 103, 'IT'),
    (107, 'Diana', 'Nguyen', 'DNGUYEN', '+7(990)555-0107', TO_DATE('07-02-2017', 'dd-MM-yyyy'), 'IT_PROG', 4200, 103, 'IT'),
    (108, 'Nancy', 'Gruenberg', 'NGRUENBE', '+7(915)555-0108', TO_DATE('17-08-2012', 'dd-MM-yyyy'), 'FI_MGR', 12008, 101, 'FI'),
    (109, 'Daniel', 'Faviet', 'DFAVIET', '+7(915)555-0109', TO_DATE('16-08-2012', 'dd-MM-yyyy'), 'FI_ACCOUNT', 9000, 108, 'FI'),
    (110, 'John', 'Chen', 'JCHEN', '+7(915)555-0110', TO_DATE('28-09-2015', 'dd-MM-yyyy'), 'FI_ACCOUNT', 8200, 108, 'FI'),
    (111, 'Ismael', 'Sciarra', 'ISCIARRA', '+7(915)555-0111', TO_DATE('30-09-2015', 'dd-MM-yyyy'), 'FI_ACCOUNT', 7700, 108, 'FI'),
    (112, 'Jose Manuel', 'Urman', 'JMURMAN', '+7(915)555-0112', TO_DATE('07-03-2016', 'dd-MM-yyyy'), 'FI_ACCOUNT', 7800, 108, 'FI'),
    (113, 'Luis', 'Popp', 'LPOPP', '+7(915)555-0113', TO_DATE('07-12-2017', 'dd-MM-yyyy'), 'FI_ACCOUNT', 6900, 108, 'FI'),
    (114, 'Den', 'Li', 'DLI', '+7(915)555-0114', TO_DATE('07-12-2012', 'dd-MM-yyyy'), 'SP_MAN', 11000, 100, 'SP'),
    (115, 'Alexander', 'Khoo', 'AKHOO', '+7(915)555-0115', TO_DATE('18-05-2013', 'dd-MM-yyyy'), 'SP_CLERK', 3100, 114, 'SP'),
    (116, 'Shelli', 'Baida', 'SBAIDA', '+7(915)555-0116', TO_DATE('24-12-2015', 'dd-MM-yyyy'), 'SP_CLERK', 2900, 114, 'SP'),
    (117, 'Sigal', 'Tobias', 'STOBIAS', '+7(915)555-0117', TO_DATE('24-07-2015', 'dd-MM-yyyy'), 'SP_CLERK', 2800, 114, 'SP'),
    (118, 'Guy', 'Himuro', 'GHIMURO', '+7(915)555-0118', TO_DATE('15-11-2016', 'dd-MM-yyyy'), 'SP_CLERK', 2600, 114, 'SP'),
    (119, 'Karen', 'Colmenares', 'KCOLMENA', '+7(915)555-0119', TO_DATE('10-08-2017', 'dd-MM-yyyy'), 'SP_CLERK', 2500, 114, 'SP'),
    (120, 'Matthew', 'Weiss', 'MWEISS', '+7(950)555-0120', TO_DATE('18-07-2014', 'dd-MM-yyyy'), 'QA_MAN', 8000, 100, 'QA'),
    (121, 'Adam', 'Fripp', 'AFRIPP', '+7(950)555-0121', TO_DATE('10-04-2015', 'dd-MM-yyyy'), 'QA_MAN', 8200, 100, 'QA'),
    (122, 'Payam', 'Kaufling', 'PKAUFLIN', '+7(950)555-0122', TO_DATE('01-05-2013', 'dd-MM-yyyy'), 'QA_MAN', 7900, 100, 'QA'),
    (123, 'Shanta', 'Vollman', 'SVOLLMAN', '+7(950)555-0123', TO_DATE('10-10-2015', 'dd-MM-yyyy'), 'QA_MAN', 6500, 100, 'QA'),
    (124, 'Kevin', 'Mourgos', 'KMOURGOS', '+7(950)555-0124', TO_DATE('16-11-2017', 'dd-MM-yyyy'), 'QA_MAN', 5800, 100, 'QA'),
    (125, 'Julia', 'Nayer', 'JNAYER', '+7(950)555-0125', TO_DATE('16-07-2015', 'dd-MM-yyyy'), 'QA_ENG', 3200, 120, 'QA'),
    (126, 'Irene', 'Mikkilineni', 'IMIKKILI', '+7(950)555-0126', TO_DATE('28-09-2016', 'dd-MM-yyyy'), 'QA_ENG', 2700, 120, 'QA'),
    (127, 'James', 'Landry', 'JLANDRY', '+7(950)555-0127', TO_DATE('14-01-2017', 'dd-MM-yyyy'), 'QA_ENG', 2400, 120, 'QA'),
    (128, 'Steven', 'Markle', 'SMARKLE', '+7(950)555-0128', TO_DATE('08-03-2018', 'dd-MM-yyyy'), 'QA_ENG', 2200, 120, 'QA'),
    (129, 'Laura', 'Bissot', 'LBISSOT', '+7(950)555-0129', TO_DATE('20-08-2015', 'dd-MM-yyyy'), 'QA_ENG', 3300, 121, 'QA'),
    (130, 'Mozhe', 'Atkinson', 'MATKINSO', '+7(950)555-0130', TO_DATE('30-10-2015', 'dd-MM-yyyy'), 'QA_ENG', 2800, 121, 'QA'),
    (131, 'James', 'Marlow', 'JAMRLOW', '+7(950)555-0131', TO_DATE('16-02-2015', 'dd-MM-yyyy'), 'QA_ENG', 2500, 121, 'QA'),
    (132, 'TJ', 'Olson', 'TJOLSON', '+7(950)555-0132', TO_DATE('10-04-2017', 'dd-MM-yyyy'), 'QA_ENG', 2100, 121, 'QA'),
    (133, 'Jason', 'Mallin', 'JMALLIN', '+7(950)555-0133', TO_DATE('14-06-2014', 'dd-MM-yyyy'), 'QA_ENG', 3300, 122, 'QA'),
    (134, 'Michael', 'Rogers', 'MROGERS', '+7(950)555-0134', TO_DATE('26-08-2016', 'dd-MM-yyyy'), 'QA_ENG', 2900, 122, 'QA'),
    (135, 'Ki', 'Gee', 'KGEE', '+7(950)555-0135', TO_DATE('12-12-2017', 'dd-MM-yyyy'), 'QA_ENG', 2400, 122, 'QA'),
    (136, 'Hazel', 'Philtanker', 'HPHILTAN', '+7(950)555-0136', TO_DATE('06-02-2018', 'dd-MM-yyyy'), 'QA_ENG', 2200, 122, 'QA'),
    (137, 'Renske', 'Ladwig', 'RLADWIG', '+7(950)555-0137', TO_DATE('14-07-2013', 'dd-MM-yyyy'), 'QA_ENG', 3600, 123, 'QA'),
    (138, 'Stephen', 'Stiles', 'SSTILES', '+7(950)555-0138', TO_DATE('26-10-2015', 'dd-MM-yyyy'), 'QA_ENG', 3200, 123, 'QA'),
    (139, 'John', 'Seo', 'JSEO', '+7(950)555-0139', TO_DATE('12-02-2016', 'dd-MM-yyyy'), 'QA_ENG', 2700, 123, 'QA'),
    (140, 'Joshua', 'Patel', 'JPATEL', '+7(950)555-0140', TO_DATE('06-04-2016', 'dd-MM-yyyy'), 'QA_ENG', 2500, 123, 'QA'),
    (141, 'Trenna', 'Rajs', 'TRAJS', '+7(950)555-0141', TO_DATE('17-10-2013', 'dd-MM-yyyy'), 'QA_ENG', 3500, 124, 'QA'),
    (142, 'Curtis', 'Davies', 'CDAVIES', '+7(950)555-0142', TO_DATE('29-01-2015', 'dd-MM-yyyy'), 'QA_ENG', 3100, 124, 'QA'),
    (143, 'Randall', 'Matos', 'RMATOS', '+7(950)555-0143', TO_DATE('15-03-2016', 'dd-MM-yyyy'), 'AN_MAN', 2600, 102, 'AN'),
    (144, 'Peter', 'Vargas', 'PVARGAS', '+7(950)555-0144', TO_DATE('09-07-2016', 'dd-MM-yyyy'), 'AN_CLERK', 2500, 143, 'AN'),
    (145, 'John', 'Singh', 'JSINGH', '+7(963)296-0000', TO_DATE('01-10-2014', 'dd-MM-yyyy'), 'SA_MAN', 14000, 100, 'SA'),
    (146, 'Karen', 'Partners', 'KPARTNER', '+7(963)296-0001', TO_DATE('05-01-2015', 'dd-MM-yyyy'), 'SA_MAN', 13500, 100, 'SA'),
    (147, 'Alberto', 'Errazuriz', 'AERRAZUR', '+7(963)296-0002', TO_DATE('10-03-2015', 'dd-MM-yyyy'), 'SA_MAN', 12000, 100, 'SA'),
    (148, 'Gerald', 'Cambrault', 'GCAMBRAU', '+7(963)296-0003', TO_DATE('15-10-2017', 'dd-MM-yyyy'), 'SA_MAN', 11000, 100, 'SA'),
    (149, 'Eleni', 'Zlotkey', 'EZLOTKEY', '+7(963)296-0004', TO_DATE('29-01-2018', 'dd-MM-yyyy'), 'SA_MAN', 10500, 100, 'SA'),
    (150, 'Sean', 'Tucker', 'STUCKER', '+7(963)296-0005', TO_DATE('30-01-2015', 'dd-MM-yyyy'), 'SA_REP', 10000, 145, 'SA'),
    (151, 'David', 'Bernstein', 'DBERNSTE', '+7(963)296-0006', TO_DATE('24-03-2015', 'dd-MM-yyyy'), 'SA_REP', 9500, 145, 'SA'),
    (152, 'Peter', 'Hall', 'PHALL', '+7(963)296-0007', TO_DATE('20-08-2015', 'dd-MM-yyyy'), 'SA_REP', 9000, 145, 'SA'),
    (153, 'Christopher', 'Olsen', 'COLSEN', '+7(963)296-0008', TO_DATE('30-03-2016', 'dd-MM-yyyy'), 'SA_REP', 8000, 145, 'SA'),
    (154, 'Nanette', 'Cambrault', 'NCAMBRAU', '+7(963)296-0009', TO_DATE('09-12-2016', 'dd-MM-yyyy'), 'SA_REP', 7500, 145, 'SA'),
    (155, 'Oliver', 'Tuvault', 'OTUVAULT', '+7(963)296-0010', TO_DATE('23-11-2017', 'dd-MM-yyyy'), 'SA_REP', 7000, 145, 'SA'),
    (156, 'Janette', 'King', 'JKING', '+7(963)296-0011', TO_DATE('30-01-2014', 'dd-MM-yyyy'), 'SA_REP', 10000, 146, 'SA'),
    (157, 'Patrick', 'Sully', 'PSULLY', '+7(963)296-0012', TO_DATE('04-03-2014', 'dd-MM-yyyy'), 'SA_REP', 9500, 146, 'SA'),
    (158, 'Allan', 'McEwen', 'AMCEWEN', '+7(963)296-0013', TO_DATE('01-08-2014', 'dd-MM-yyyy'), 'SA_REP', 9000, 146, 'SA'),
    (159, 'Lindsey', 'Smith', 'LSMITH', '+7(963)296-0014', TO_DATE('10-03-2015', 'dd-MM-yyyy'), 'SA_REP', 8000, 146, 'SA'),
    (160, 'Louise', 'Doran', 'LDORAN', '+7(963)296-0015', TO_DATE('15-12-2015', 'dd-MM-yyyy'), 'SA_REP', 7500, 146, 'SA'),
    (161, 'Sarath', 'Sewall', 'SSEWALL', '+7(963)296-0016', TO_DATE('03-11-2016', 'dd-MM-yyyy'), 'SA_REP', 7000, 146, 'SA'),
    (162, 'Clara', 'Vishney', 'CVISHNEY', '+7(963)296-0017', TO_DATE('11-11-2015', 'dd-MM-yyyy'), 'SA_REP', 10500, 147, 'SA'),
    (163, 'Danielle', 'Greene', 'DGREENE', '+7(963)296-0018', TO_DATE('19-03-2017', 'dd-MM-yyyy'), 'SA_REP', 9500, 147, 'SA'),
    (164, 'Mattea', 'Marvins', 'MMARVINS', '+7(963)296-0019', TO_DATE('24-01-2018', 'dd-MM-yyyy'), 'SA_REP', 7200, 147, 'SA'),
    (165, 'David', 'Lee', 'DLEE', '+7(963)296-0020', TO_DATE('23-02-2018', 'dd-MM-yyyy'), 'SA_REP', 6800, 147, 'SA'),
    (166, 'Sundar', 'Ande', 'SANDE', '+7(963)296-0021', TO_DATE('24-03-2018', 'dd-MM-yyyy'), 'SA_REP', 6400, 147, 'SA'),
    (167, 'Amit', 'Banda', 'ABANDA', '+7(963)296-0022', TO_DATE('21-04-2018', 'dd-MM-yyyy'), 'SA_REP', 6200, 147, 'SA'),
    (168, 'Lisa', 'Ozer', 'LOZER', '+7(963)296-0023', TO_DATE('11-03-2015', 'dd-MM-yyyy'), 'SA_REP', 11500, 148, 'SA'),
    (169, 'Harrison', 'Bloom', 'HBLOOM', '+7(963)296-0024', TO_DATE('23-03-2016', 'dd-MM-yyyy'), 'SA_REP', 10000, 148, 'SA'),
    (170, 'Tayler', 'Fox', 'TFOX', '+7(963)296-0025', TO_DATE('24-01-2016', 'dd-MM-yyyy'), 'SA_REP', 9600, 148, 'SA'),
    (171, 'William', 'Smith', 'WSMITH', '+7(963)296-0026', TO_DATE('23-02-2017', 'dd-MM-yyyy'), 'SA_REP', 7400, 148, 'SA'),
    (172, 'Elizabeth', 'Bates', 'EBATES', '+7(963)296-0027', TO_DATE('24-03-2017', 'dd-MM-yyyy'), 'SA_REP', 7300, 148, 'SA'),
    (173, 'Sundita', 'Kumar', 'SKUMAR', '+7(963)296-0028', TO_DATE('21-04-2018', 'dd-MM-yyyy'), 'SA_REP', 6100, 148, 'SA'),
    (174, 'Ellen', 'Abel', 'EABEL', '+7(963)296-0029', TO_DATE('11-05-2014', 'dd-MM-yyyy'), 'SA_REP', 11000, 149, 'SA'),
    (175, 'Alyssa', 'Hutton', 'AHUTTON', '+7(963)296-0030', TO_DATE('19-03-2015', 'dd-MM-yyyy'), 'SA_REP', 8800, 149, 'SA'),
    (176, 'Jonathon', 'Taylor', 'JTAYLOR', '+7(963)296-0031', TO_DATE('24-03-2016', 'dd-MM-yyyy'), 'SA_REP', 8600, 149, 'SA'),
    (177, 'Jack', 'Livingston', 'JLIVINGS', '+7(963)296-0032', TO_DATE('23-04-2016', 'dd-MM-yyyy'), 'SA_REP', 8400, 149, 'SA'),
    (178, 'Kimberely', 'Grant', 'KGRANT', '+7(963)296-0033', TO_DATE('24-05-2017', 'dd-MM-yyyy'), 'SA_REP', 7000, 149, 'SA'),
    (179, 'Charles', 'Johnson', 'CJOHNSON', '+7(963)296-0034', TO_DATE('04-01-2018', 'dd-MM-yyyy'), 'SA_REP', 6200, 149, 'SA'),
    (180, 'Winston', 'Taylor', 'WTAYLOR', '+7(950)555-0145', TO_DATE('24-01-2016', 'dd-MM-yyyy'), 'DO_MAN', 3200, 120, 'DO'),
    (181, 'Jean', 'Fleaur', 'JFLEAUR', '+7(950)555-0146', TO_DATE('23-02-2016', 'dd-MM-yyyy'), 'DO_CLERK', 3100, 180, 'DO'),
    (182, 'Martha', 'Sullivan', 'MSULLIVA', '+7(950)555-0147', TO_DATE('21-06-2017', 'dd-MM-yyyy'), 'DO_CLERK', 2500, 180, 'DO'),
    (183, 'Girard', 'Geoni', 'GGEONI', '+7(950)555-0148', TO_DATE('03-02-2018', 'dd-MM-yyyy'), 'DO_CLERK', 2800, 180, 'DO'),
    (184, 'Nandita', 'Sarchand', 'NSARCHAN', '+7(950)555-0149', TO_DATE('27-01-2014', 'dd-MM-yyyy'), 'DO_CLERK', 4200, 180, 'DO'),
    (185, 'Alexis', 'Bull', 'ABULL', '+7(950)555-0150', TO_DATE('20-02-2015', 'dd-MM-yyyy'), 'DO_CLERK', 4100, 180, 'DO'),
    (186, 'Julia', 'Dellinger', 'JDELLING', '+7(950)555-0151', TO_DATE('24-06-2016', 'dd-MM-yyyy'), 'DO_CLERK', 3400, 180, 'DO'),
    (187, 'Anthony', 'Cabrio', 'ACABRIO', '+7(950)555-0152', TO_DATE('07-02-2017', 'dd-MM-yyyy'), 'DO_CLERK', 3000, 180, 'DO'),
    (188, 'Kelly', 'Chung', 'KCHUNG', '+7(950)555-0153', TO_DATE('14-06-2015', 'dd-MM-yyyy'), 'DO_CLERK', 3800, 180, 'DO'),
    (189, 'Jennifer', 'Dilly', 'JDILLY', '+7(950)555-0154', TO_DATE('13-08-2015', 'dd-MM-yyyy'), 'DO_CLERK', 3600, 180, 'DO'),
    (190, 'Timothy', 'Venzl', 'TVENZL', '+7(950)555-0155', TO_DATE('11-07-2016', 'dd-MM-yyyy'), 'DO_CLERK', 2900, 180, 'DO'),
    (191, 'Randall', 'Perkins', 'RPERKINS', '+7(950)555-0156', TO_DATE('19-12-2017', 'dd-MM-yyyy'), 'DO_CLERK', 2500, 180, 'DO'),
    (192, 'Sarah', 'Bell', 'SBELL', '+7(950)555-0157', TO_DATE('04-02-2014', 'dd-MM-yyyy'), 'DO_CLERK', 4000, 180, 'DO'),
    (193, 'Britney', 'Everett', 'BEVERETT', '+7(950)555-0158', TO_DATE('03-03-2015', 'dd-MM-yyyy'), 'DO_CLERK', 3900, 180, 'DO'),
    (194, 'Samuel', 'McLeod', 'SMCLEOD', '+7(950)555-0159', TO_DATE('01-07-2016', 'dd-MM-yyyy'), 'DO_CLERK', 3200, 180, 'DO'),
    (195, 'Vance', 'Jones', 'VJONES', '+7(950)555-0160', TO_DATE('17-03-2017', 'dd-MM-yyyy'), 'DO_CLERK', 2800, 180, 'DO'),
    (196, 'Alana', 'Walsh', 'AWALSH', '+7(950)555-0161', TO_DATE('24-04-2016', 'dd-MM-yyyy'), 'DO_CLERK', 3100, 180, 'DO'),
    (197, 'Kevin', 'Feeney', 'KFEENEY', '+7(950)555-0162', TO_DATE('23-05-2016', 'dd-MM-yyyy'), 'DO_CLERK', 3000, 180, 'DO'),
    (198, 'Donald', 'OConnell', 'DOCONNEL', '+7(950)555-0163', TO_DATE('21-06-2017', 'dd-MM-yyyy'), 'DO_CLERK', 2600, 180, 'DO'),
    (199, 'Douglas', 'Grant', 'DGRANT', '+7(950)555-0164', TO_DATE('13-01-2018', 'dd-MM-yyyy'), 'DO_CLERK', 2600, 180, 'DO'),
    (200, 'Jennifer', 'Whalen', 'JWHALEN', '+7(915)555-0165', TO_DATE('17-09-2013', 'dd-MM-yyyy'), 'AD_ASST', 4400, 101, 'AD'),
    (201, 'Michael', 'Martinez', 'MMARTINE', '+7(915)555-0166', TO_DATE('17-02-2014', 'dd-MM-yyyy'), 'QA_MAN', 13000, 100, 'QA'),
    (202, 'Pat', 'Davis', 'PDAVIS', '+7(903)555-0167', TO_DATE('17-08-2015', 'dd-MM-yyyy'), 'QA_ENG', 6000, 201, 'QA'),
    (203, 'Susan', 'Jacobs', 'SJACOBS', '+7(915)555-0168', TO_DATE('07-06-2012', 'dd-MM-yyyy'), 'HR_REP', 6500, 101, 'HR'),
    (204, 'Hermann', 'Brown', 'HBROWN', '+7(915)555-0169', TO_DATE('07-06-2012', 'dd-MM-yyyy'), 'IM_ENG', 10000, 101, 'IM'),
    (205, 'Shelley', 'Higgins', 'DOIGGINS', '+7(915)555-0170', TO_DATE('07-06-2012', 'dd-MM-yyyy'), 'DV_CSA', 12008, 101, 'DV'),
    (206, 'William', 'Gietz', 'WGIETZ', '+7(915)555-0171', TO_DATE('07-06-2012', 'dd-MM-yyyy'), 'DV_ENG', 8300, 205, 'DV')
;

INSERT INTO job_history(job_history_id, employee_id, start_date, end_date, job_id, department_id)
values (1, 102, TO_DATE('13-01-2011', 'dd-MM-yyyy'), TO_DATE('24-07-2016', 'dd-MM-yyyy'), 'IT_PROG', 'IT'),
       (2, 101, TO_DATE('21-09-2007', 'dd-MM-yyyy'), TO_DATE('27-10-2011', 'dd-MM-yyyy'), 'FI_ACCOUNT', 'FI'),
       (3, 101, TO_DATE('28-10-2011', 'dd-MM-yyyy'), TO_DATE('15-03-2015', 'dd-MM-yyyy'), 'FI_MGR', 'FI'),
       (4, 201, TO_DATE('17-02-2014', 'dd-MM-yyyy'), TO_DATE('19-12-2017', 'dd-MM-yyyy'), 'QA_ENG', 'QA'),
       (5, 114, TO_DATE('24-03-2016', 'dd-MM-yyyy'), TO_DATE('31-12-2017', 'dd-MM-yyyy'), 'SP_CLERK', 'SP'),
       (6, 122, TO_DATE('01-01-2017', 'dd-MM-yyyy'), TO_DATE('31-12-2017', 'dd-MM-yyyy'), 'SP_CLERK', 'SP'),
       (7, 200, TO_DATE('17-09-2005', 'dd-MM-yyyy'), TO_DATE('17-06-2011', 'dd-MM-yyyy'), 'AD_ASST', 'AD'),
       (8, 176, TO_DATE('24-03-2016', 'dd-MM-yyyy'), TO_DATE('31-12-2016', 'dd-MM-yyyy'), 'SA_REP', 'SA'),
       (9, 176, TO_DATE('01-01-2017', 'dd-MM-yyyy'), TO_DATE('31-12-2017', 'dd-MM-yyyy'), 'SA_MAN', 'SA'),
       (10, 200, TO_DATE('01-07-2012', 'dd-MM-yyyy'), TO_DATE('31-12-2016', 'dd-MM-yyyy'), 'FI_ACCOUNT', 'FI')
;


alter table departments
    add constraint FK_dep_manager foreign key (manager_id) references employees (employee_id);

alter sequence employees_employee_id_seq restart with 1000;
alter sequence authorities_id_seq restart with 1000;
alter sequence job_history_job_history_id_seq restart with 1000;
